{
  "centroids": [
    -0.21297122324113513,
    -0.18017398486729494,
    -0.15890730176057355,
    -0.142707029254731,
    -0.12944658209662266,
    -0.11814718658444211,
    -0.10827292067887045,
    -0.099496148243107,
    -0.09160018648260218,
    -0.08443274290213326,
    -0.07788130515049947,
    -0.07185915045200503,
    -0.06629694947332765,
    -0.061137521208003906,
    -0.05633245908095661,
    -0.0518399148564329,
    -0.04762312077820841,
    -0.04364939151683327,
    -0.03988944047226587,
    -0.036316901279317866,
    -0.03290798107516747,
    -0.029641195731154008,
    -0.026497153471178654,
    -0.023458364701825482,
    -0.02050906397588994,
    -0.017635035721613995,
    -0.014823439295968625,
    -0.012062631490603097,
    -0.009341986166231803,
    -0.006651711489320668,
    -0.003982665526059035,
    -0.0013261709088432058,
    0.0013261709088431572,
    0.003982665526058985,
    0.00665171148932062,
    0.009341986166231754,
    0.01206263149060305,
    0.014823439295968577,
    0.017635035721613936,
    0.02050906397588989,
    0.023458364701825433,
    0.026497153471178612,
    0.02964119573115396,
    0.032907981075167445,
    0.036316901279317824,
    0.03988944047226581,
    0.04364939151683321,
    0.04762312077820834,
    0.05183991485643285,
    0.05633245908095657,
    0.06113752120800385,
    0.06629694947332761,
    0.07185915045200501,
    0.07788130515049946,
    0.08443274290213322,
    0.09160018648260211,
    0.09949614824310694,
    0.10827292067887041,
    0.11814718658444202,
    0.1294465820966226,
    0.14270702925473094,
    0.15890730176057347,
    0.18017398486729488,
    0.212971223241135
  ],
  "boundaries": [
    -1.0,
    -0.19657260405421503,
    -0.16954064331393426,
    -0.15080716550765227,
    -0.13607680567567682,
    -0.12379688434053238,
    -0.11321005363165629,
    -0.10388453446098872,
    -0.0955481673628546,
    -0.08801646469236772,
    -0.08115702402631636,
    -0.07487022780125224,
    -0.06907804996266634,
    -0.06371723534066578,
    -0.05873499014448026,
    -0.05408618696869476,
    -0.04973151781732066,
    -0.04563625614752084,
    -0.04176941599454957,
    -0.03810317087579187,
    -0.03461244117724267,
    -0.03127458840316074,
    -0.02806917460116633,
    -0.024977759086502068,
    -0.02198371433885771,
    -0.019072049848751965,
    -0.016229237508791308,
    -0.013443035393285861,
    -0.01070230882841745,
    -0.007996848827776236,
    -0.005317188507689851,
    -0.00265441821745112,
    -2.42861286636753e-17,
    0.0026544182174510714,
    0.005317188507689802,
    0.007996848827776187,
    0.010702308828417401,
    0.013443035393285813,
    0.016229237508791256,
    0.019072049848751913,
    0.021983714338857662,
    0.024977759086502023,
    0.028069174601166286,
    0.031274588403160705,
    0.03461244117724263,
    0.03810317087579182,
    0.04176941599454951,
    0.04563625614752077,
    0.049731517817320596,
    0.05408618696869471,
    0.058734990144480206,
    0.06371723534066573,
    0.06907804996266631,
    0.07487022780125224,
    0.08115702402631633,
    0.08801646469236767,
    0.09554816736285453,
    0.10388453446098868,
    0.11321005363165622,
    0.12379688434053232,
    0.13607680567567676,
    0.15080716550765222,
    0.16954064331393418,
    0.19657260405421495,
    1.0
  ],
  "mse_per_coord": 3.2506812011702222e-06,
  "d": 256,
  "bits": 6
}