{
  "centroids": [
    -0.3307488982523647,
    -0.25285796049779696,
    -0.1987980469334965,
    -0.1548700628687987,
    -0.11643834863028953,
    -0.08127421897380344,
    -0.048066015411980585,
    -0.01591088860211215,
    0.01591088860211215,
    0.048066015411980585,
    0.08127421897380344,
    0.11643834863028953,
    0.1548700628687987,
    0.1987980469334965,
    0.25285796049779696,
    0.3307488982523647
  ],
  "boundaries": [
    -1.0,
    -0.29180342937508086,
    -0.22582800371564674,
    -0.17683405490114762,
    -0.13565420574954412,
    -0.09885628380204647,
    -0.06467011719289201,
    -0.031988452007046364,
    0.0,
    0.031988452007046364,
    0.06467011719289201,
    0.09885628380204647,
    0.13565420574954412,
    0.17683405490114762,
    0.22582800371564674,
    0.29180342937508086,
    1.0
  ],
  "mse_per_coord": 0.00014268001826559009,
  "d": 64,
  "bits": 4
}