{
  "centroids": [
    -0.2975599416281099,
    -0.25249141158681526,
    -0.22309477788280735,
    -0.20061454235341145,
    -0.18216120428949095,
    -0.16640172150801089,
    -0.15260478840406855,
    -0.14032256530330345,
    -0.12925840223115626,
    -0.1192034732694333,
    -0.11000324786925017,
    -0.10153841339437748,
    -0.09371341928997722,
    -0.08644931849260683,
    -0.07967916298748279,
    -0.07334498076643992,
    -0.0673957614554217,
    -0.061786097457096505,
    -0.05647525427662413,
    -0.05142652059205513,
    -0.04660673747715202,
    -0.04198593857322309,
    -0.03753705525973618,
    -0.03323565653659545,
    -0.029059704460855526,
    -0.024989313831022736,
    -0.02100651020391687,
    -0.017094983849626533,
    -0.013239839356818417,
    -0.009427341671978893,
    -0.005644659713687686,
    -0.0018796086192600242,
    0.00187960861926,
    0.005644659713687661,
    0.009427341671978869,
    0.013239839356818394,
    0.017094983849626502,
    0.02100651020391684,
    0.0249893138310227,
    0.0290597044608555,
    0.03323565653659543,
    0.03753705525973617,
    0.04198593857322308,
    0.046606737477152015,
    0.05142652059205512,
    0.05647525427662411,
    0.0617860974570965,
    0.06739576145542168,
    0.07334498076643992,
    0.07967916298748277,
    0.08644931849260684,
    0.09371341928997733,
    0.10153841339437755,
    0.11000324786925021,
    0.11920347326943342,
    0.12925840223115628,
    0.14032256530330356,
    0.15260478840406863,
    0.16640172150801097,
    0.182161204289491,
    0.20061454235341147,
    0.22309477788280743,
    0.2524914115868154,
    0.29755994162811
  ],
  "boundaries": [
    -1.0,
    -0.2750256766074626,
    -0.2377930947348113,
    -0.21185466011810938,
    -0.19138787332145119,
    -0.1742814628987509,
    -0.15950325495603973,
    -0.146463676853686,
    -0.13479048376722985,
    -0.12423093775029478,
    -0.11460336056934173,
    -0.10577083063181383,
    -0.09762591634217735,
    -0.09008136889129202,
    -0.08306424074004481,
    -0.07651207187696135,
    -0.07037037111093081,
    -0.0645909294562591,
    -0.05913067586686031,
    -0.05395088743433963,
    -0.049016629034603576,
    -0.04429633802518755,
    -0.039761496916479636,
    -0.035386355898165814,
    -0.03114768049872549,
    -0.02702450914593913,
    -0.022997912017469802,
    -0.019050747026771703,
    -0.015167411603222474,
    -0.011333590514398655,
    -0.00753600069283329,
    -0.003762134166473855,
    -1.214306433183765e-17,
    0.0037621341664738303,
    0.007536000692833265,
    0.011333590514398632,
    0.015167411603222448,
    0.01905074702677167,
    0.02299791201746977,
    0.0270245091459391,
    0.031147680498725464,
    0.0353863558981658,
    0.03976149691647962,
    0.04429633802518755,
    0.04901662903460356,
    0.05395088743433961,
    0.0591306758668603,
    0.06459092945625909,
    0.07037037111093081,
    0.07651207187696135,
    0.08306424074004481,
    0.09008136889129209,
    0.09762591634217743,
    0.10577083063181389,
    0.11460336056934181,
    0.12423093775029485,
    0.1347904837672299,
    0.1464636768536861,
    0.15950325495603979,
    0.174281462898751,
    0.19138787332145124,
    0.21185466011810944,
    0.23779309473481142,
    0.2750256766074627,
    1.0
  ],
  "mse_per_coord": 6.400656260159315e-06,
  "d": 128,
  "bits": 6
}