{
  "centroids": [
    -0.23762718673095365,
    -0.18079372947217437,
    -0.14176165429673318,
    -0.11024706538276369,
    -0.0827925666730958,
    -0.05774453560525709,
    -0.03413402823112085,
    -0.011296498142743886,
    0.011296498142743886,
    0.03413402823112085,
    0.05774453560525709,
    0.0827925666730958,
    0.11024706538276369,
    0.14176165429673318,
    0.18079372947217437,
    0.23762718673095365
  ],
  "boundaries": [
    -1.0,
    -0.20921045810156402,
    -0.1612776918844538,
    -0.12600435983974845,
    -0.09651981602792975,
    -0.07026855113917645,
    -0.04593928191818897,
    -0.02271526318693237,
    0.0,
    0.02271526318693237,
    0.04593928191818897,
    0.07026855113917645,
    0.09651981602792975,
    0.12600435983974845,
    0.1612776918844538,
    0.20921045810156402,
    1.0
  ],
  "mse_per_coord": 7.277181153812054e-05,
  "d": 128,
  "bits": 4
}